{
  "version": "0.3.14-fixed",
  "steps": [
    {
      "tag": "CreateField",
      "model": "Project",
      "field": "TestRun",
      "type": "TestRun",
      "arity": "List"
    },
    {
      "tag": "CreateField",
      "model": "TestRun",
      "field": "projectId",
      "type": "String",
      "arity": "Optional"
    },
    {
      "tag": "CreateField",
      "model": "TestRun",
      "field": "project",
      "type": "Project",
      "arity": "Optional"
    },
    {
      "tag": "CreateDirective",
      "location": {
        "path": {
          "tag": "Field",
          "model": "TestRun",
          "field": "project"
        },
        "directive": "relation"
      }
    },
    {
      "tag": "CreateArgument",
      "location": {
        "tag": "Directive",
        "path": {
          "tag": "Field",
          "model": "TestRun",
          "field": "project"
        },
        "directive": "relation"
      },
      "argument": "fields",
      "value": "[projectId]"
    },
    {
      "tag": "CreateArgument",
      "location": {
        "tag": "Directive",
        "path": {
          "tag": "Field",
          "model": "TestRun",
          "field": "project"
        },
        "directive": "relation"
      },
      "argument": "references",
      "value": "[id]"
    }
  ]
}