{
  "version": "0.3.14-fixed",
  "steps": [
    {
      "tag": "CreateField",
      "model": "Project",
      "field": "mainBranchName",
      "type": "String",
      "arity": "Required"
    },
    {
      "tag": "CreateDirective",
      "location": {
        "path": {
          "tag": "Field",
          "model": "Project",
          "field": "mainBranchName"
        },
        "directive": "default"
      }
    },
    {
      "tag": "CreateArgument",
      "location": {
        "tag": "Directive",
        "path": {
          "tag": "Field",
          "model": "Project",
          "field": "mainBranchName"
        },
        "directive": "default"
      },
      "argument": "",
      "value": "\"master\""
    },
    {
      "tag": "CreateField",
      "model": "TestRun",
      "field": "merge",
      "type": "Boolean",
      "arity": "Required"
    },
    {
      "tag": "CreateDirective",
      "location": {
        "path": {
          "tag": "Field",
          "model": "TestRun",
          "field": "merge"
        },
        "directive": "default"
      }
    },
    {
      "tag": "CreateArgument",
      "location": {
        "tag": "Directive",
        "path": {
          "tag": "Field",
          "model": "TestRun",
          "field": "merge"
        },
        "directive": "default"
      },
      "argument": "",
      "value": "false"
    },
    {
      "tag": "CreateField",
      "model": "TestRun",
      "field": "branchName",
      "type": "String",
      "arity": "Required"
    },
    {
      "tag": "CreateDirective",
      "location": {
        "path": {
          "tag": "Field",
          "model": "TestRun",
          "field": "branchName"
        },
        "directive": "default"
      }
    },
    {
      "tag": "CreateArgument",
      "location": {
        "tag": "Directive",
        "path": {
          "tag": "Field",
          "model": "TestRun",
          "field": "branchName"
        },
        "directive": "default"
      },
      "argument": "",
      "value": "\"master\""
    },
    {
      "tag": "CreateField",
      "model": "TestRun",
      "field": "baselineBranchName",
      "type": "String",
      "arity": "Optional"
    },
    {
      "tag": "CreateField",
      "model": "TestVariation",
      "field": "branchName",
      "type": "String",
      "arity": "Required"
    },
    {
      "tag": "CreateDirective",
      "location": {
        "path": {
          "tag": "Field",
          "model": "TestVariation",
          "field": "branchName"
        },
        "directive": "default"
      }
    },
    {
      "tag": "CreateArgument",
      "location": {
        "tag": "Directive",
        "path": {
          "tag": "Field",
          "model": "TestVariation",
          "field": "branchName"
        },
        "directive": "default"
      },
      "argument": "",
      "value": "\"master\""
    },
    {
      "tag": "CreateDirective",
      "location": {
        "path": {
          "tag": "Model",
          "model": "TestVariation",
          "arguments": [
            {
              "name": "",
              "value": "[name, browser, device, os, viewport, branchName]"
            }
          ]
        },
        "directive": "unique"
      }
    }
  ]
}