{
  "version": "0.3.14-fixed",
  "steps": [
    {
      "tag": "CreateEnum",
      "enum": "Role",
      "values": [
        "admin",
        "editor",
        "guest"
      ]
    },
    {
      "tag": "CreateField",
      "model": "User",
      "field": "role",
      "type": "Role",
      "arity": "Required"
    },
    {
      "tag": "CreateDirective",
      "location": {
        "path": {
          "tag": "Field",
          "model": "User",
          "field": "role"
        },
        "directive": "default"
      }
    },
    {
      "tag": "CreateArgument",
      "location": {
        "tag": "Directive",
        "path": {
          "tag": "Field",
          "model": "User",
          "field": "role"
        },
        "directive": "default"
      },
      "argument": "",
      "value": "guest"
    }
  ]
}