{
  "version": "0.3.14-fixed",
  "steps": [
    {
      "tag": "CreateEnum",
      "enum": "ImageComparison",
      "values": [
        "pixelmatch",
        "lookSame",
        "odiff"
      ]
    },
    {
      "tag": "CreateField",
      "model": "Project",
      "field": "autoApproveFeature",
      "type": "Boolean",
      "arity": "Required"
    },
    {
      "tag": "CreateDirective",
      "location": {
        "path": {
          "tag": "Field",
          "model": "Project",
          "field": "autoApproveFeature"
        },
        "directive": "default"
      }
    },
    {
      "tag": "CreateArgument",
      "location": {
        "tag": "Directive",
        "path": {
          "tag": "Field",
          "model": "Project",
          "field": "autoApproveFeature"
        },
        "directive": "default"
      },
      "argument": "",
      "value": "false"
    },
    {
      "tag": "CreateField",
      "model": "Project",
      "field": "diffDimensionsFeature",
      "type": "Boolean",
      "arity": "Required"
    },
    {
      "tag": "CreateDirective",
      "location": {
        "path": {
          "tag": "Field",
          "model": "Project",
          "field": "diffDimensionsFeature"
        },
        "directive": "default"
      }
    },
    {
      "tag": "CreateArgument",
      "location": {
        "tag": "Directive",
        "path": {
          "tag": "Field",
          "model": "Project",
          "field": "diffDimensionsFeature"
        },
        "directive": "default"
      },
      "argument": "",
      "value": "false"
    },
    {
      "tag": "CreateField",
      "model": "Project",
      "field": "ignoreAntialiasing",
      "type": "Boolean",
      "arity": "Required"
    },
    {
      "tag": "CreateDirective",
      "location": {
        "path": {
          "tag": "Field",
          "model": "Project",
          "field": "ignoreAntialiasing"
        },
        "directive": "default"
      }
    },
    {
      "tag": "CreateArgument",
      "location": {
        "tag": "Directive",
        "path": {
          "tag": "Field",
          "model": "Project",
          "field": "ignoreAntialiasing"
        },
        "directive": "default"
      },
      "argument": "",
      "value": "true"
    },
    {
      "tag": "CreateField",
      "model": "Project",
      "field": "threshold",
      "type": "Float",
      "arity": "Required"
    },
    {
      "tag": "CreateDirective",
      "location": {
        "path": {
          "tag": "Field",
          "model": "Project",
          "field": "threshold"
        },
        "directive": "default"
      }
    },
    {
      "tag": "CreateArgument",
      "location": {
        "tag": "Directive",
        "path": {
          "tag": "Field",
          "model": "Project",
          "field": "threshold"
        },
        "directive": "default"
      },
      "argument": "",
      "value": "0.1"
    },
    {
      "tag": "CreateField",
      "model": "Project",
      "field": "imageComparison",
      "type": "ImageComparison",
      "arity": "Required"
    },
    {
      "tag": "CreateDirective",
      "location": {
        "path": {
          "tag": "Field",
          "model": "Project",
          "field": "imageComparison"
        },
        "directive": "default"
      }
    },
    {
      "tag": "CreateArgument",
      "location": {
        "tag": "Directive",
        "path": {
          "tag": "Field",
          "model": "Project",
          "field": "imageComparison"
        },
        "directive": "default"
      },
      "argument": "",
      "value": "pixelmatch"
    }
  ]
}