{
  "version": "0.3.14-fixed",
  "steps": [
    {
      "tag": "CreateField",
      "model": "User",
      "field": "baselines",
      "type": "Baseline",
      "arity": "List"
    },
    {
      "tag": "CreateField",
      "model": "Baseline",
      "field": "userId",
      "type": "String",
      "arity": "Optional"
    },
    {
      "tag": "CreateField",
      "model": "Baseline",
      "field": "user",
      "type": "User",
      "arity": "Optional"
    },
    {
      "tag": "CreateDirective",
      "location": {
        "path": {
          "tag": "Field",
          "model": "Baseline",
          "field": "user"
        },
        "directive": "relation"
      }
    },
    {
      "tag": "CreateArgument",
      "location": {
        "tag": "Directive",
        "path": {
          "tag": "Field",
          "model": "Baseline",
          "field": "user"
        },
        "directive": "relation"
      },
      "argument": "fields",
      "value": "[userId]"
    },
    {
      "tag": "CreateArgument",
      "location": {
        "tag": "Directive",
        "path": {
          "tag": "Field",
          "model": "Baseline",
          "field": "user"
        },
        "directive": "relation"
      },
      "argument": "references",
      "value": "[id]"
    }
  ]
}