{
  "version": "0.3.14-fixed",
  "steps": [
    {
      "tag": "CreateModel",
      "model": "Baseline"
    },
    {
      "tag": "CreateField",
      "model": "Baseline",
      "field": "id",
      "type": "String",
      "arity": "Required"
    },
    {
      "tag": "CreateDirective",
      "location": {
        "path": {
          "tag": "Field",
          "model": "Baseline",
          "field": "id"
        },
        "directive": "default"
      }
    },
    {
      "tag": "CreateArgument",
      "location": {
        "tag": "Directive",
        "path": {
          "tag": "Field",
          "model": "Baseline",
          "field": "id"
        },
        "directive": "default"
      },
      "argument": "",
      "value": "uuid()"
    },
    {
      "tag": "CreateDirective",
      "location": {
        "path": {
          "tag": "Field",
          "model": "Baseline",
          "field": "id"
        },
        "directive": "id"
      }
    },
    {
      "tag": "CreateField",
      "model": "Baseline",
      "field": "baselineName",
      "type": "String",
      "arity": "Required"
    },
    {
      "tag": "CreateField",
      "model": "Baseline",
      "field": "testVariationId",
      "type": "String",
      "arity": "Required"
    },
    {
      "tag": "CreateField",
      "model": "Baseline",
      "field": "testVariation",
      "type": "TestVariation",
      "arity": "Required"
    },
    {
      "tag": "CreateDirective",
      "location": {
        "path": {
          "tag": "Field",
          "model": "Baseline",
          "field": "testVariation"
        },
        "directive": "relation"
      }
    },
    {
      "tag": "CreateArgument",
      "location": {
        "tag": "Directive",
        "path": {
          "tag": "Field",
          "model": "Baseline",
          "field": "testVariation"
        },
        "directive": "relation"
      },
      "argument": "fields",
      "value": "[testVariationId]"
    },
    {
      "tag": "CreateArgument",
      "location": {
        "tag": "Directive",
        "path": {
          "tag": "Field",
          "model": "Baseline",
          "field": "testVariation"
        },
        "directive": "relation"
      },
      "argument": "references",
      "value": "[id]"
    },
    {
      "tag": "CreateField",
      "model": "Baseline",
      "field": "testRunId",
      "type": "String",
      "arity": "Optional"
    },
    {
      "tag": "CreateField",
      "model": "Baseline",
      "field": "testRun",
      "type": "TestRun",
      "arity": "Optional"
    },
    {
      "tag": "CreateDirective",
      "location": {
        "path": {
          "tag": "Field",
          "model": "Baseline",
          "field": "testRun"
        },
        "directive": "relation"
      }
    },
    {
      "tag": "CreateArgument",
      "location": {
        "tag": "Directive",
        "path": {
          "tag": "Field",
          "model": "Baseline",
          "field": "testRun"
        },
        "directive": "relation"
      },
      "argument": "fields",
      "value": "[testRunId]"
    },
    {
      "tag": "CreateArgument",
      "location": {
        "tag": "Directive",
        "path": {
          "tag": "Field",
          "model": "Baseline",
          "field": "testRun"
        },
        "directive": "relation"
      },
      "argument": "references",
      "value": "[id]"
    },
    {
      "tag": "CreateField",
      "model": "Baseline",
      "field": "updatedAt",
      "type": "DateTime",
      "arity": "Required"
    },
    {
      "tag": "CreateDirective",
      "location": {
        "path": {
          "tag": "Field",
          "model": "Baseline",
          "field": "updatedAt"
        },
        "directive": "updatedAt"
      }
    },
    {
      "tag": "CreateField",
      "model": "Baseline",
      "field": "createdAt",
      "type": "DateTime",
      "arity": "Required"
    },
    {
      "tag": "CreateDirective",
      "location": {
        "path": {
          "tag": "Field",
          "model": "Baseline",
          "field": "createdAt"
        },
        "directive": "default"
      }
    },
    {
      "tag": "CreateArgument",
      "location": {
        "tag": "Directive",
        "path": {
          "tag": "Field",
          "model": "Baseline",
          "field": "createdAt"
        },
        "directive": "default"
      },
      "argument": "",
      "value": "now()"
    },
    {
      "tag": "CreateField",
      "model": "Build",
      "field": "user",
      "type": "User",
      "arity": "Optional"
    },
    {
      "tag": "CreateDirective",
      "location": {
        "path": {
          "tag": "Field",
          "model": "Build",
          "field": "user"
        },
        "directive": "relation"
      }
    },
    {
      "tag": "CreateArgument",
      "location": {
        "tag": "Directive",
        "path": {
          "tag": "Field",
          "model": "Build",
          "field": "user"
        },
        "directive": "relation"
      },
      "argument": "fields",
      "value": "[userId]"
    },
    {
      "tag": "CreateArgument",
      "location": {
        "tag": "Directive",
        "path": {
          "tag": "Field",
          "model": "Build",
          "field": "user"
        },
        "directive": "relation"
      },
      "argument": "references",
      "value": "[id]"
    },
    {
      "tag": "CreateField",
      "model": "Build",
      "field": "userId",
      "type": "String",
      "arity": "Optional"
    },
    {
      "tag": "CreateField",
      "model": "TestRun",
      "field": "name",
      "type": "String",
      "arity": "Required"
    },
    {
      "tag": "CreateDirective",
      "location": {
        "path": {
          "tag": "Field",
          "model": "TestRun",
          "field": "name"
        },
        "directive": "default"
      }
    },
    {
      "tag": "CreateArgument",
      "location": {
        "tag": "Directive",
        "path": {
          "tag": "Field",
          "model": "TestRun",
          "field": "name"
        },
        "directive": "default"
      },
      "argument": "",
      "value": "\"\""
    },
    {
      "tag": "CreateField",
      "model": "TestRun",
      "field": "browser",
      "type": "String",
      "arity": "Optional"
    },
    {
      "tag": "CreateField",
      "model": "TestRun",
      "field": "device",
      "type": "String",
      "arity": "Optional"
    },
    {
      "tag": "CreateField",
      "model": "TestRun",
      "field": "os",
      "type": "String",
      "arity": "Optional"
    },
    {
      "tag": "CreateField",
      "model": "TestRun",
      "field": "viewport",
      "type": "String",
      "arity": "Optional"
    },
    {
      "tag": "CreateField",
      "model": "TestRun",
      "field": "baselineName",
      "type": "String",
      "arity": "Optional"
    },
    {
      "tag": "CreateField",
      "model": "TestRun",
      "field": "ignoreAreas",
      "type": "String",
      "arity": "Required"
    },
    {
      "tag": "CreateDirective",
      "location": {
        "path": {
          "tag": "Field",
          "model": "TestRun",
          "field": "ignoreAreas"
        },
        "directive": "default"
      }
    },
    {
      "tag": "CreateArgument",
      "location": {
        "tag": "Directive",
        "path": {
          "tag": "Field",
          "model": "TestRun",
          "field": "ignoreAreas"
        },
        "directive": "default"
      },
      "argument": "",
      "value": "\"[]\""
    },
    {
      "tag": "CreateField",
      "model": "TestRun",
      "field": "baseline",
      "type": "Baseline",
      "arity": "Optional"
    },
    {
      "tag": "CreateField",
      "model": "TestVariation",
      "field": "baselines",
      "type": "Baseline",
      "arity": "List"
    }
  ]
}