{
  "version": "0.3.14-fixed",
  "steps": [
    {
      "tag": "CreateEnum",
      "enum": "TestStatus",
      "values": [
        "failed",
        "new",
        "ok",
        "unresolved"
      ]
    },
    {
      "tag": "CreateSource",
      "source": "db"
    },
    {
      "tag": "CreateArgument",
      "location": {
        "tag": "Source",
        "source": "db"
      },
      "argument": "provider",
      "value": "\"postgresql\""
    },
    {
      "tag": "CreateArgument",
      "location": {
        "tag": "Source",
        "source": "db"
      },
      "argument": "url",
      "value": "env(\"DATABASE_URL\")"
    },
    {
      "tag": "CreateModel",
      "model": "Build"
    },
    {
      "tag": "CreateField",
      "model": "Build",
      "field": "id",
      "type": "String",
      "arity": "Required"
    },
    {
      "tag": "CreateDirective",
      "location": {
        "path": {
          "tag": "Field",
          "model": "Build",
          "field": "id"
        },
        "directive": "default"
      }
    },
    {
      "tag": "CreateArgument",
      "location": {
        "tag": "Directive",
        "path": {
          "tag": "Field",
          "model": "Build",
          "field": "id"
        },
        "directive": "default"
      },
      "argument": "",
      "value": "uuid()"
    },
    {
      "tag": "CreateDirective",
      "location": {
        "path": {
          "tag": "Field",
          "model": "Build",
          "field": "id"
        },
        "directive": "id"
      }
    },
    {
      "tag": "CreateField",
      "model": "Build",
      "field": "number",
      "type": "Int",
      "arity": "Optional"
    },
    {
      "tag": "CreateField",
      "model": "Build",
      "field": "branchName",
      "type": "String",
      "arity": "Optional"
    },
    {
      "tag": "CreateField",
      "model": "Build",
      "field": "status",
      "type": "String",
      "arity": "Optional"
    },
    {
      "tag": "CreateField",
      "model": "Build",
      "field": "testRuns",
      "type": "TestRun",
      "arity": "List"
    },
    {
      "tag": "CreateField",
      "model": "Build",
      "field": "projectId",
      "type": "String",
      "arity": "Required"
    },
    {
      "tag": "CreateField",
      "model": "Build",
      "field": "project",
      "type": "Project",
      "arity": "Required"
    },
    {
      "tag": "CreateDirective",
      "location": {
        "path": {
          "tag": "Field",
          "model": "Build",
          "field": "project"
        },
        "directive": "relation"
      }
    },
    {
      "tag": "CreateArgument",
      "location": {
        "tag": "Directive",
        "path": {
          "tag": "Field",
          "model": "Build",
          "field": "project"
        },
        "directive": "relation"
      },
      "argument": "fields",
      "value": "[projectId]"
    },
    {
      "tag": "CreateArgument",
      "location": {
        "tag": "Directive",
        "path": {
          "tag": "Field",
          "model": "Build",
          "field": "project"
        },
        "directive": "relation"
      },
      "argument": "references",
      "value": "[id]"
    },
    {
      "tag": "CreateField",
      "model": "Build",
      "field": "updatedAt",
      "type": "DateTime",
      "arity": "Required"
    },
    {
      "tag": "CreateDirective",
      "location": {
        "path": {
          "tag": "Field",
          "model": "Build",
          "field": "updatedAt"
        },
        "directive": "updatedAt"
      }
    },
    {
      "tag": "CreateField",
      "model": "Build",
      "field": "createdAt",
      "type": "DateTime",
      "arity": "Required"
    },
    {
      "tag": "CreateDirective",
      "location": {
        "path": {
          "tag": "Field",
          "model": "Build",
          "field": "createdAt"
        },
        "directive": "default"
      }
    },
    {
      "tag": "CreateArgument",
      "location": {
        "tag": "Directive",
        "path": {
          "tag": "Field",
          "model": "Build",
          "field": "createdAt"
        },
        "directive": "default"
      },
      "argument": "",
      "value": "now()"
    },
    {
      "tag": "CreateModel",
      "model": "Project"
    },
    {
      "tag": "CreateField",
      "model": "Project",
      "field": "id",
      "type": "String",
      "arity": "Required"
    },
    {
      "tag": "CreateDirective",
      "location": {
        "path": {
          "tag": "Field",
          "model": "Project",
          "field": "id"
        },
        "directive": "default"
      }
    },
    {
      "tag": "CreateArgument",
      "location": {
        "tag": "Directive",
        "path": {
          "tag": "Field",
          "model": "Project",
          "field": "id"
        },
        "directive": "default"
      },
      "argument": "",
      "value": "uuid()"
    },
    {
      "tag": "CreateDirective",
      "location": {
        "path": {
          "tag": "Field",
          "model": "Project",
          "field": "id"
        },
        "directive": "id"
      }
    },
    {
      "tag": "CreateField",
      "model": "Project",
      "field": "name",
      "type": "String",
      "arity": "Required"
    },
    {
      "tag": "CreateField",
      "model": "Project",
      "field": "builds",
      "type": "Build",
      "arity": "List"
    },
    {
      "tag": "CreateField",
      "model": "Project",
      "field": "testVariations",
      "type": "TestVariation",
      "arity": "List"
    },
    {
      "tag": "CreateField",
      "model": "Project",
      "field": "updatedAt",
      "type": "DateTime",
      "arity": "Required"
    },
    {
      "tag": "CreateDirective",
      "location": {
        "path": {
          "tag": "Field",
          "model": "Project",
          "field": "updatedAt"
        },
        "directive": "updatedAt"
      }
    },
    {
      "tag": "CreateField",
      "model": "Project",
      "field": "createdAt",
      "type": "DateTime",
      "arity": "Required"
    },
    {
      "tag": "CreateDirective",
      "location": {
        "path": {
          "tag": "Field",
          "model": "Project",
          "field": "createdAt"
        },
        "directive": "default"
      }
    },
    {
      "tag": "CreateArgument",
      "location": {
        "tag": "Directive",
        "path": {
          "tag": "Field",
          "model": "Project",
          "field": "createdAt"
        },
        "directive": "default"
      },
      "argument": "",
      "value": "now()"
    },
    {
      "tag": "CreateModel",
      "model": "TestRun"
    },
    {
      "tag": "CreateField",
      "model": "TestRun",
      "field": "id",
      "type": "String",
      "arity": "Required"
    },
    {
      "tag": "CreateDirective",
      "location": {
        "path": {
          "tag": "Field",
          "model": "TestRun",
          "field": "id"
        },
        "directive": "default"
      }
    },
    {
      "tag": "CreateArgument",
      "location": {
        "tag": "Directive",
        "path": {
          "tag": "Field",
          "model": "TestRun",
          "field": "id"
        },
        "directive": "default"
      },
      "argument": "",
      "value": "uuid()"
    },
    {
      "tag": "CreateDirective",
      "location": {
        "path": {
          "tag": "Field",
          "model": "TestRun",
          "field": "id"
        },
        "directive": "id"
      }
    },
    {
      "tag": "CreateField",
      "model": "TestRun",
      "field": "imageName",
      "type": "String",
      "arity": "Required"
    },
    {
      "tag": "CreateField",
      "model": "TestRun",
      "field": "diffName",
      "type": "String",
      "arity": "Optional"
    },
    {
      "tag": "CreateField",
      "model": "TestRun",
      "field": "diffPercent",
      "type": "Float",
      "arity": "Optional"
    },
    {
      "tag": "CreateField",
      "model": "TestRun",
      "field": "diffTollerancePercent",
      "type": "Float",
      "arity": "Required"
    },
    {
      "tag": "CreateDirective",
      "location": {
        "path": {
          "tag": "Field",
          "model": "TestRun",
          "field": "diffTollerancePercent"
        },
        "directive": "default"
      }
    },
    {
      "tag": "CreateArgument",
      "location": {
        "tag": "Directive",
        "path": {
          "tag": "Field",
          "model": "TestRun",
          "field": "diffTollerancePercent"
        },
        "directive": "default"
      },
      "argument": "",
      "value": "1.0"
    },
    {
      "tag": "CreateField",
      "model": "TestRun",
      "field": "pixelMisMatchCount",
      "type": "Int",
      "arity": "Optional"
    },
    {
      "tag": "CreateField",
      "model": "TestRun",
      "field": "status",
      "type": "TestStatus",
      "arity": "Required"
    },
    {
      "tag": "CreateField",
      "model": "TestRun",
      "field": "buildId",
      "type": "String",
      "arity": "Required"
    },
    {
      "tag": "CreateField",
      "model": "TestRun",
      "field": "build",
      "type": "Build",
      "arity": "Required"
    },
    {
      "tag": "CreateDirective",
      "location": {
        "path": {
          "tag": "Field",
          "model": "TestRun",
          "field": "build"
        },
        "directive": "relation"
      }
    },
    {
      "tag": "CreateArgument",
      "location": {
        "tag": "Directive",
        "path": {
          "tag": "Field",
          "model": "TestRun",
          "field": "build"
        },
        "directive": "relation"
      },
      "argument": "fields",
      "value": "[buildId]"
    },
    {
      "tag": "CreateArgument",
      "location": {
        "tag": "Directive",
        "path": {
          "tag": "Field",
          "model": "TestRun",
          "field": "build"
        },
        "directive": "relation"
      },
      "argument": "references",
      "value": "[id]"
    },
    {
      "tag": "CreateField",
      "model": "TestRun",
      "field": "testVariationId",
      "type": "String",
      "arity": "Required"
    },
    {
      "tag": "CreateField",
      "model": "TestRun",
      "field": "testVariation",
      "type": "TestVariation",
      "arity": "Required"
    },
    {
      "tag": "CreateDirective",
      "location": {
        "path": {
          "tag": "Field",
          "model": "TestRun",
          "field": "testVariation"
        },
        "directive": "relation"
      }
    },
    {
      "tag": "CreateArgument",
      "location": {
        "tag": "Directive",
        "path": {
          "tag": "Field",
          "model": "TestRun",
          "field": "testVariation"
        },
        "directive": "relation"
      },
      "argument": "fields",
      "value": "[testVariationId]"
    },
    {
      "tag": "CreateArgument",
      "location": {
        "tag": "Directive",
        "path": {
          "tag": "Field",
          "model": "TestRun",
          "field": "testVariation"
        },
        "directive": "relation"
      },
      "argument": "references",
      "value": "[id]"
    },
    {
      "tag": "CreateField",
      "model": "TestRun",
      "field": "updatedAt",
      "type": "DateTime",
      "arity": "Required"
    },
    {
      "tag": "CreateDirective",
      "location": {
        "path": {
          "tag": "Field",
          "model": "TestRun",
          "field": "updatedAt"
        },
        "directive": "updatedAt"
      }
    },
    {
      "tag": "CreateField",
      "model": "TestRun",
      "field": "createdAt",
      "type": "DateTime",
      "arity": "Required"
    },
    {
      "tag": "CreateDirective",
      "location": {
        "path": {
          "tag": "Field",
          "model": "TestRun",
          "field": "createdAt"
        },
        "directive": "default"
      }
    },
    {
      "tag": "CreateArgument",
      "location": {
        "tag": "Directive",
        "path": {
          "tag": "Field",
          "model": "TestRun",
          "field": "createdAt"
        },
        "directive": "default"
      },
      "argument": "",
      "value": "now()"
    },
    {
      "tag": "CreateModel",
      "model": "TestVariation"
    },
    {
      "tag": "CreateField",
      "model": "TestVariation",
      "field": "id",
      "type": "String",
      "arity": "Required"
    },
    {
      "tag": "CreateDirective",
      "location": {
        "path": {
          "tag": "Field",
          "model": "TestVariation",
          "field": "id"
        },
        "directive": "default"
      }
    },
    {
      "tag": "CreateArgument",
      "location": {
        "tag": "Directive",
        "path": {
          "tag": "Field",
          "model": "TestVariation",
          "field": "id"
        },
        "directive": "default"
      },
      "argument": "",
      "value": "uuid()"
    },
    {
      "tag": "CreateDirective",
      "location": {
        "path": {
          "tag": "Field",
          "model": "TestVariation",
          "field": "id"
        },
        "directive": "id"
      }
    },
    {
      "tag": "CreateField",
      "model": "TestVariation",
      "field": "name",
      "type": "String",
      "arity": "Required"
    },
    {
      "tag": "CreateField",
      "model": "TestVariation",
      "field": "browser",
      "type": "String",
      "arity": "Optional"
    },
    {
      "tag": "CreateField",
      "model": "TestVariation",
      "field": "device",
      "type": "String",
      "arity": "Optional"
    },
    {
      "tag": "CreateField",
      "model": "TestVariation",
      "field": "os",
      "type": "String",
      "arity": "Optional"
    },
    {
      "tag": "CreateField",
      "model": "TestVariation",
      "field": "viewport",
      "type": "String",
      "arity": "Optional"
    },
    {
      "tag": "CreateField",
      "model": "TestVariation",
      "field": "baselineName",
      "type": "String",
      "arity": "Optional"
    },
    {
      "tag": "CreateField",
      "model": "TestVariation",
      "field": "ignoreAreas",
      "type": "String",
      "arity": "Required"
    },
    {
      "tag": "CreateDirective",
      "location": {
        "path": {
          "tag": "Field",
          "model": "TestVariation",
          "field": "ignoreAreas"
        },
        "directive": "default"
      }
    },
    {
      "tag": "CreateArgument",
      "location": {
        "tag": "Directive",
        "path": {
          "tag": "Field",
          "model": "TestVariation",
          "field": "ignoreAreas"
        },
        "directive": "default"
      },
      "argument": "",
      "value": "\"[]\""
    },
    {
      "tag": "CreateField",
      "model": "TestVariation",
      "field": "projectId",
      "type": "String",
      "arity": "Required"
    },
    {
      "tag": "CreateField",
      "model": "TestVariation",
      "field": "project",
      "type": "Project",
      "arity": "Required"
    },
    {
      "tag": "CreateDirective",
      "location": {
        "path": {
          "tag": "Field",
          "model": "TestVariation",
          "field": "project"
        },
        "directive": "relation"
      }
    },
    {
      "tag": "CreateArgument",
      "location": {
        "tag": "Directive",
        "path": {
          "tag": "Field",
          "model": "TestVariation",
          "field": "project"
        },
        "directive": "relation"
      },
      "argument": "fields",
      "value": "[projectId]"
    },
    {
      "tag": "CreateArgument",
      "location": {
        "tag": "Directive",
        "path": {
          "tag": "Field",
          "model": "TestVariation",
          "field": "project"
        },
        "directive": "relation"
      },
      "argument": "references",
      "value": "[id]"
    },
    {
      "tag": "CreateField",
      "model": "TestVariation",
      "field": "testRuns",
      "type": "TestRun",
      "arity": "List"
    },
    {
      "tag": "CreateField",
      "model": "TestVariation",
      "field": "updatedAt",
      "type": "DateTime",
      "arity": "Required"
    },
    {
      "tag": "CreateDirective",
      "location": {
        "path": {
          "tag": "Field",
          "model": "TestVariation",
          "field": "updatedAt"
        },
        "directive": "updatedAt"
      }
    },
    {
      "tag": "CreateField",
      "model": "TestVariation",
      "field": "createdAt",
      "type": "DateTime",
      "arity": "Required"
    },
    {
      "tag": "CreateDirective",
      "location": {
        "path": {
          "tag": "Field",
          "model": "TestVariation",
          "field": "createdAt"
        },
        "directive": "default"
      }
    },
    {
      "tag": "CreateArgument",
      "location": {
        "tag": "Directive",
        "path": {
          "tag": "Field",
          "model": "TestVariation",
          "field": "createdAt"
        },
        "directive": "default"
      },
      "argument": "",
      "value": "now()"
    },
    {
      "tag": "CreateModel",
      "model": "User"
    },
    {
      "tag": "CreateField",
      "model": "User",
      "field": "id",
      "type": "String",
      "arity": "Required"
    },
    {
      "tag": "CreateDirective",
      "location": {
        "path": {
          "tag": "Field",
          "model": "User",
          "field": "id"
        },
        "directive": "default"
      }
    },
    {
      "tag": "CreateArgument",
      "location": {
        "tag": "Directive",
        "path": {
          "tag": "Field",
          "model": "User",
          "field": "id"
        },
        "directive": "default"
      },
      "argument": "",
      "value": "uuid()"
    },
    {
      "tag": "CreateDirective",
      "location": {
        "path": {
          "tag": "Field",
          "model": "User",
          "field": "id"
        },
        "directive": "id"
      }
    },
    {
      "tag": "CreateField",
      "model": "User",
      "field": "email",
      "type": "String",
      "arity": "Required"
    },
    {
      "tag": "CreateDirective",
      "location": {
        "path": {
          "tag": "Field",
          "model": "User",
          "field": "email"
        },
        "directive": "unique"
      }
    },
    {
      "tag": "CreateField",
      "model": "User",
      "field": "password",
      "type": "String",
      "arity": "Required"
    },
    {
      "tag": "CreateField",
      "model": "User",
      "field": "firstName",
      "type": "String",
      "arity": "Optional"
    },
    {
      "tag": "CreateField",
      "model": "User",
      "field": "lastName",
      "type": "String",
      "arity": "Optional"
    },
    {
      "tag": "CreateField",
      "model": "User",
      "field": "apiKey",
      "type": "String",
      "arity": "Required"
    },
    {
      "tag": "CreateDirective",
      "location": {
        "path": {
          "tag": "Field",
          "model": "User",
          "field": "apiKey"
        },
        "directive": "unique"
      }
    },
    {
      "tag": "CreateField",
      "model": "User",
      "field": "isActive",
      "type": "Boolean",
      "arity": "Required"
    },
    {
      "tag": "CreateDirective",
      "location": {
        "path": {
          "tag": "Field",
          "model": "User",
          "field": "isActive"
        },
        "directive": "default"
      }
    },
    {
      "tag": "CreateArgument",
      "location": {
        "tag": "Directive",
        "path": {
          "tag": "Field",
          "model": "User",
          "field": "isActive"
        },
        "directive": "default"
      },
      "argument": "",
      "value": "true"
    },
    {
      "tag": "CreateField",
      "model": "User",
      "field": "builds",
      "type": "Build",
      "arity": "List"
    },
    {
      "tag": "CreateField",
      "model": "User",
      "field": "updatedAt",
      "type": "DateTime",
      "arity": "Required"
    },
    {
      "tag": "CreateDirective",
      "location": {
        "path": {
          "tag": "Field",
          "model": "User",
          "field": "updatedAt"
        },
        "directive": "updatedAt"
      }
    },
    {
      "tag": "CreateField",
      "model": "User",
      "field": "createdAt",
      "type": "DateTime",
      "arity": "Required"
    },
    {
      "tag": "CreateDirective",
      "location": {
        "path": {
          "tag": "Field",
          "model": "User",
          "field": "createdAt"
        },
        "directive": "default"
      }
    },
    {
      "tag": "CreateArgument",
      "location": {
        "tag": "Directive",
        "path": {
          "tag": "Field",
          "model": "User",
          "field": "createdAt"
        },
        "directive": "default"
      },
      "argument": "",
      "value": "now()"
    }
  ]
}